{"sToken":"380188499262","iNonce":7420,"jApi":{"sMethod":"classTaxxa.fjDocumentExternalAdd","jParams":{"sEnvironment":"prod","jDocument":{"sdoctype":"ReverseInvoice","wdocumentsubtype":"9","sauthorizationprefix":"HAJU","sdocumentsuffix":7797,"rdocumenttemplate":30884303,"tissuedate":"2025-10-03T06:24:38","tduedate":"2025-11-02","wpaymentmeans":"1","wpaymentmethod":"ZZZ","yreversebuyerseller":"N","yaiu":"N","wdocumenttypecode":"05","jdocumentitems":{"1":{"sstandarditemidentification":"85101604","scustomname":"PRESTAR SERVICIOS COMO REGENTE DE FARMACIA EN LA E.S.E. HOSPITAL DE AGUAZUL JUAN HERNANDO URREGO","nusertotal":3200000,"nprice":3200000,"icount":1}},"jtax":[],"jbuyer":{"wlegalorganizationtype":"company","sbuyername":"HOSPITAL DE AGUAZUL JUAN HERNANDO URREGO E.S.E","stributaryidentificationkey":"ZZ","stributaryidentificationname":"No Aplica","staxlevelcode":"R-99-PN","sfiscalregime":"48","jpartylegalentity":{"wdoctype":"NIT","sdocno":"844001355","scorporateregistrationschemename":"HOSPITAL DE AGUAZUL JUAN HERNANDO URREGO E.S.E"},"jcontact":{"scontactperson":"HOSPITAL DE AGUAZUL JUAN HERNANDO URREGO E.S.E","selectronicmail":"facturacion@hospitaldeaguazul.gov.co","stelephone":"3133910073","jregistrationaddress":{"scountrycode":"CO","wdepartmentcode":"85","wtowncode":"85010","scityname":"Aguazul","saddressline1":"CALLE 11 NO. 15 - 40","szip":"856010"}}},"jseller":{"wlegalorganizationtype":"person","scostumername":"YULY PAOLA SIERRA ARIAS","stributaryidentificationkey":"ZZ","stributaryidentificationname":"No Aplica","staxlevelcode":"R-99-PN","sdoctype":"NIT","sdocid":"1026267423","ssellername":"YULY PAOLA SIERRA ARIAS","scontactperson":"YULY PAOLA SIERRA ARIAS","semail":"pao1772@hotmail.com","sphone":"3114527455","saddressline1":"AGUAZUL","saddresszip":"856010","wdepartmentcode":"85","sDepartmentName":"Casanare","wtowncode":"85010","scityname":"Aguazul"},"idocprecision":2,"spaymentid":"PRESTAR SERVICIOS COMO REGENTE DE FARMACIA EN LA E.S.E. HOSPITAL DE AGUAZUL JUAN HERNANDO URREGO","yisresident":"Y","sinvoiceperiod":"1"}}}}